﻿<?xml version="1.0" encoding="UTF-8"?>
<MUPDefinition xmlns="http://schemas.dell.com/openmanage/cm/2/0/mupdefinition.xsd" xmlns:xsi="http://www.w3.org/2001/XMLSchema-instance" xsi:schemaLocation="http://schemas.dell.com/openmanage/cm/2/0/mupdefinition.xsd mupdefinition.xsd">
  <packageinformation>
    <installertype>installshield installscript</installertype>
    <packagegrouping>single_package</packagegrouping>
    <packagingtype>zip</packagingtype>
    <releasetype>DRVR</releasetype>
    <mupspecificationversion>2.4.2</mupspecificationversion>
    <version>8.0.10100.71</version>
    <name>Intel(R) Dynamic Platform and Thermal Framework Installer</name>
    <supportedoperatingsystems>
      <osidentifier name="Windows8.1" architecture="x64" />
      <osidentifier name="Windows8" architecture="x64" />
      <osidentifier name="Windows7" architecture="x64" />
      <osidentifier name="Windows8.1" architecture="x86" />     
      <osidentifier name="Windows8" architecture="x86" />     
      <osidentifier name="Windows7" architecture="x86" />     
    </supportedoperatingsystems>
  </packageinformation>
  <executable>
    <executablename>setup.exe</executablename>
  </executable>
  <behaviors>
    <!--
    <behavior name="freshinstall">
      Not Supported By the Installer.... Conditional
      <vendoroption>
        <optionvalue switch="/" requiresvalue="false" />
      </vendoroption>
    </behavior>
-->
    <!--    <behavior name="driveronly">
      <vendoroption>
        <optionvalue switch="/" requiresvalue="false"></optionvalue>
      </vendoroption>
    </behavior>
    <behavior name="applicationonly">
      <vendoroption>
        <optionvalue switch="/" requiresvalue="false">nodrv</optionvalue>
      </vendoroption>
    </behavior>
-->
    <behavior name="extractdrivers">
      <vendoroption>
        <container>
          <containervalue switch="/" requiresvalue="false" valuedelimiter=" " enclose="&quot;">v</containervalue>
          <optionvalue switch="" requiresvalue="true" valuedelimiter="=" enclose="\&quot;">ExtractDrivers</optionvalue>
        </container>
      </vendoroption>
    </behavior>
    <behavior name="attended" />
    <behavior name="help">
      <vendoroption>
        <optionvalue switch="/" requiresvalue="false">?</optionvalue>
      </vendoroption>
    </behavior>
    <behavior name="unattended">
      <vendoroption>
        <optionvalue switch="/" requiresvalue="false">s</optionvalue>
      </vendoroption>
      <!-- The DUP will Restart the system
      <vendoroption>
        <optionvalue switch="/" requiresvalue="false">b</optionvalue>
      </vendoroption>
-->
    </behavior>
  </behaviors>
  <parameters>
    <parametermapping name="force">
      <vendoroption>
        <optionvalue switch="/" requiresvalue="false">overwrite</optionvalue>
      </vendoroption>
    </parametermapping>
    <parametermapping name="logfile">
      <vendoroption>
        <optionvalue switch="/" requiresvalue="true" valuedelimiter=" " enclose="&quot;">report</optionvalue>
      </vendoroption>
    </parametermapping>
  </parameters>
  <returncodes>
    <returncodemapping name="REBOOTING_SYSTEM">
      <vendorreturncode>15</vendorreturncode>
    </returncodemapping>
    <returncodemapping name="PASSWORD_REQUIRED">
      <vendorreturncode>2</vendorreturncode>
    </returncodemapping>
    <returncodemapping name="NO_DOWNGRADE">
      <!--Always able to DownGrade, Installer Doesn't need to support-->
      <vendorreturncode>9999</vendorreturncode>
    </returncodemapping>
    <returncodemapping name="REBOOT_UPDATE_PENDING">
      <!--Installer only Reboots Once, Installer Doesn't need to support-->
      <vendorreturncode>9999</vendorreturncode>
    </returncodemapping>
    <returncodemapping name="DEP_SOFT_ERROR">
      <vendorreturncode>7</vendorreturncode>
    </returncodemapping>
    <returncodemapping name="DEP_HARD_ERROR">
      <vendorreturncode>5</vendorreturncode>
    </returncodemapping>
    <returncodemapping name="SUCCESS">
      <vendorreturncode>0</vendorreturncode>
    </returncodemapping>
    <returncodemapping name="ERROR">
      <vendorreturncode>10</vendorreturncode>
    </returncodemapping>
    <returncodemapping name="REBOOT_REQUIRED">
      <vendorreturncode>14</vendorreturncode>
    </returncodemapping>
    <returncodemapping name="ERROR_INSTALL_PLATFORM_UNSUPPORTED">
      <vendorreturncode>3</vendorreturncode>
    </returncodemapping>
    <returncodemapping name="UNKNOWN_OPTION">
      <vendorreturncode>1</vendorreturncode>
    </returncodemapping>
    <returncodemapping name="ERROR">
      <vendorreturncode>9</vendorreturncode>
    </returncodemapping>
    <returncodemapping name="ERROR">
      <vendorreturncode>6</vendorreturncode>
    </returncodemapping>
    <returncodemapping name="ERROR">
      <vendorreturncode>4</vendorreturncode>
    </returncodemapping>
  </returncodes>
  <inventorymetadata>
    <extractdriversidentifier>
      <softwareidentityinstances>
        <!--filename: \ufx86\ESIF_UF.EXE-->
        <softwareidentity>
          <elementname>Intel(R) Dynamic Platform and Thermal Framework</elementname>
          <versionstring>8.0.10100.71</versionstring>
        </softwareidentity>
        <!--filename: \ufx64\ESIF_UF.EXE-->
        <softwareidentity>
          <elementname>Intel(R) Dynamic Platform and Thermal Framework</elementname>
          <versionstring>8.0.10100.71</versionstring>
        </softwareidentity>
      </softwareidentityinstances>
      <pnpids>
        <pnpdevice>
          <!--filename: \drivers\x86\dptf_acpi.inf-->
          <driverversion>8.0.10100.71</driverversion>
          <pnpidstring>
            <PNPID>INT</PNPID>
            <PnPProductID>3401</PnPProductID>
          </pnpidstring>
          <pnpidstring>
            <PNPID>INT</PNPID>
            <PnPProductID>3402</PnPProductID>
          </pnpidstring>
          <pnpidstring>
            <PNPID>INT</PNPID>
            <PnPProductID>3403</PnPProductID>
          </pnpidstring>
          <pnpidstring>
            <PNPID>INT</PNPID>
            <PnPProductID>3404</PnPProductID>
          </pnpidstring>
          <pnpidstring>
            <PNPID>INT</PNPID>
            <PnPProductID>3406</PnPProductID>
          </pnpidstring>
          <pnpidstring>
            <PNPID>INT</PNPID>
            <PnPProductID>3407</PnPProductID>
          </pnpidstring>
          <pnpidstring>
            <PNPID>INT</PNPID>
            <PnPProductID>3408</PnPProductID>
          </pnpidstring>
          <pnpidstring>
            <PNPID>INT</PNPID>
            <PnPProductID>3409</PnPProductID>
          </pnpidstring>
          <pnpidstring>
            <PNPID>INT</PNPID>
            <PnPProductID>340A</PnPProductID>
          </pnpidstring>
          <pnpidstring>
            <PNPID>INT</PNPID>
            <PnPProductID>340B</PnPProductID>
          </pnpidstring>
          <pnpidstring>
            <PNPID>INT</PNPID>
            <PnPProductID>340C</PnPProductID>
          </pnpidstring>
        </pnpdevice>
        <pnpdevice>
          <!--filename: \drivers\x86\dptf_cpu.inf-->
          <driverversion>8.0.10100.71</driverversion>
          <pciinfo vendorID="8086" deviceID="0103" />
          <pciinfo vendorID="8086" deviceID="0153" />
          <pciinfo vendorID="8086" deviceID="0C03" />
          <pciinfo vendorID="8086" deviceID="0A03" />
          <pciinfo vendorID="8086" deviceID="0D03" />
          <pciinfo vendorID="8086" deviceID="1603" />
          <pciinfo vendorID="8086" deviceID="1903" />
        </pnpdevice>
        <pnpdevice>
          <!--filename: \drivers\x86\dptf_pch.inf-->
          <driverversion>8.0.10100.71</driverversion>
          <pciinfo vendorID="8086" deviceID="1C24" />
          <pciinfo vendorID="8086" deviceID="1E24" />
          <pciinfo vendorID="8086" deviceID="8C24" />
          <pciinfo vendorID="8086" deviceID="9C24" />
          <pciinfo vendorID="8086" deviceID="9CA4" />
        </pnpdevice>
        <pnpdevice>
          <!--filename: \drivers\x86\esif_manager.inf-->
          <driverversion>8.0.10100.71</driverversion>
          <pnpidstring>
            <PNPID>INT</PNPID>
            <PnPProductID>3400</PnPProductID>
          </pnpidstring>
        </pnpdevice>
        <pnpdevice>
          <!--filename: \drivers\x64\dptf_acpi.inf-->
          <driverversion>8.0.10100.71</driverversion>
          <pnpidstring>
            <PNPID>INT</PNPID>
            <PnPProductID>3401</PnPProductID>
          </pnpidstring>
          <pnpidstring>
            <PNPID>INT</PNPID>
            <PnPProductID>3402</PnPProductID>
          </pnpidstring>
          <pnpidstring>
            <PNPID>INT</PNPID>
            <PnPProductID>3403</PnPProductID>
          </pnpidstring>
          <pnpidstring>
            <PNPID>INT</PNPID>
            <PnPProductID>3404</PnPProductID>
          </pnpidstring>
          <pnpidstring>
            <PNPID>INT</PNPID>
            <PnPProductID>3406</PnPProductID>
          </pnpidstring>
          <pnpidstring>
            <PNPID>INT</PNPID>
            <PnPProductID>3407</PnPProductID>
          </pnpidstring>
          <pnpidstring>
            <PNPID>INT</PNPID>
            <PnPProductID>3408</PnPProductID>
          </pnpidstring>
          <pnpidstring>
            <PNPID>INT</PNPID>
            <PnPProductID>3409</PnPProductID>
          </pnpidstring>
          <pnpidstring>
            <PNPID>INT</PNPID>
            <PnPProductID>340A</PnPProductID>
          </pnpidstring>
          <pnpidstring>
            <PNPID>INT</PNPID>
            <PnPProductID>340B</PnPProductID>
          </pnpidstring>
          <pnpidstring>
            <PNPID>INT</PNPID>
            <PnPProductID>340C</PnPProductID>
          </pnpidstring>
        </pnpdevice>
        <pnpdevice>
          <!--filename: \drivers\x64\dptf_cpu.inf-->
          <driverversion>8.0.10100.71</driverversion>
          <pciinfo vendorID="8086" deviceID="0103" />
          <pciinfo vendorID="8086" deviceID="0153" />
          <pciinfo vendorID="8086" deviceID="0C03" />
          <pciinfo vendorID="8086" deviceID="0A03" />
          <pciinfo vendorID="8086" deviceID="0D03" />
          <pciinfo vendorID="8086" deviceID="1603" />
          <pciinfo vendorID="8086" deviceID="1903" />
        </pnpdevice>
        <pnpdevice>
          <!--filename: \drivers\x64\dptf_pch.inf-->
          <driverversion>8.0.10100.71</driverversion>
          <pciinfo vendorID="8086" deviceID="1C24" />
          <pciinfo vendorID="8086" deviceID="1E24" />
          <pciinfo vendorID="8086" deviceID="8C24" />
          <pciinfo vendorID="8086" deviceID="9C24" />
          <pciinfo vendorID="8086" deviceID="9CA4" />
        </pnpdevice>
        <pnpdevice>
          <!--filename: \drivers\x64\esif_manager.inf-->
          <driverversion>8.0.10100.71</driverversion>
          <pnpidstring>
            <PNPID>INT</PNPID>
            <PnPProductID>3400</PnPProductID>
          </pnpidstring>
        </pnpdevice>
      </pnpids>
    </extractdriversidentifier>
    <fullpackageidentifier>
      <msis>
        <msi>
          <identifyingnumber>{654EE65D-FAA4-4EA6-8C07-DC94E6A304D4}</identifyingnumber>
          <version>8.0.10100.71</version>
          <upgradecode>{654EE65D-FAA4-4EA6-8C07-DC94E6A304D4}</upgradecode>
        </msi>
      </msis>
    </fullpackageidentifier>
  </inventorymetadata>
</MUPDefinition>





























