<?xml version="1.0" encoding="UTF-8"?>
<MUPDefinition xmlns="http://schemas.dell.com/openmanage/cm/2/0/mupdefinition.xsd" xmlns:xsi="http://www.w3.org/2001/XMLSchema-instance" xsi:schemaLocation="http://schemas.dell.com/openmanage/cm/2/0/mupdefinition.xsd mupdefinition.xsd">
  <packageinformation>
    <installertype>installshield installscript</installertype>
    <packagegrouping>single_package</packagegrouping>
    <packagingtype>zip</packagingtype>
    <releasetype>DRVR</releasetype>
    <mupspecificationversion>2.4.2</mupspecificationversion>
    <version>1.0.0.1016</version>
    <name>Intel Collaborative Processor Performance Control (CPPC) Driver</name>
    <supportedoperatingsystems>
      <osidentifier name="Windows8" architecture="x64" />
      <osidentifier name="Windows8" architecture="x86" />
      <osidentifier name="Windows8.1" architecture="x64" />
      <osidentifier name="Windows8.1" architecture="x86" />
    </supportedoperatingsystems>
  </packageinformation>
  <executable>
    <executablename>setup.exe</executablename>
  </executable>
  <behaviors>
<!--
    <behavior name="extractdrivers">
      <vendoroption>
        <container>
          <containervalue switch="/" requiresvalue="false" valuedelimiter=" " enclose="&quot;">v</containervalue>
          <optionvalue switch="" requiresvalue="true" valuedelimiter="=" enclose="\&quot;">ExtractDrivers</optionvalue>
        </container>
      </vendoroption>
    </behavior>
-->
    <behavior name="attended" />
    <behavior name="help">
      <vendoroption>
        <optionvalue switch="/" requiresvalue="false">?</optionvalue>
      </vendoroption>
    </behavior>
    <behavior name="unattended">
      <vendoroption>
        <optionvalue switch="/" requiresvalue="false">s</optionvalue>
      </vendoroption>
    </behavior>
  </behaviors>
  <parameters>
    <parametermapping name="force">
      <vendoroption>
        <optionvalue switch="/" requiresvalue="false">overwrite</optionvalue>
      </vendoroption>
    </parametermapping>
    <parametermapping name="logfile">
      <vendoroption>
        <optionvalue switch="/" requiresvalue="true" valuedelimiter=" " enclose="&quot;">report</optionvalue>
      </vendoroption>
    </parametermapping>
  </parameters>
  <returncodes>
    <returncodemapping name="REBOOTING_SYSTEM">
      <vendorreturncode>15</vendorreturncode>
    </returncodemapping>
    <returncodemapping name="PASSWORD_REQUIRED">
      <vendorreturncode>2</vendorreturncode>
    </returncodemapping>
    <returncodemapping name="NO_DOWNGRADE">
      <vendorreturncode>9999</vendorreturncode>
    </returncodemapping>
    <returncodemapping name="REBOOT_UPDATE_PENDING">
      <vendorreturncode>9999</vendorreturncode>
    </returncodemapping>
    <returncodemapping name="DEP_SOFT_ERROR">
      <vendorreturncode>7</vendorreturncode>
    </returncodemapping>
    <returncodemapping name="DEP_HARD_ERROR">
      <vendorreturncode>5</vendorreturncode>
    </returncodemapping>
    <returncodemapping name="SUCCESS">
      <vendorreturncode>0</vendorreturncode>
    </returncodemapping>
    <returncodemapping name="ERROR">
      <vendorreturncode>10</vendorreturncode>
    </returncodemapping>
    <returncodemapping name="REBOOT_REQUIRED">
      <vendorreturncode>14</vendorreturncode>
    </returncodemapping>
    <returncodemapping name="ERROR_INSTALL_PLATFORM_UNSUPPORTED">
      <vendorreturncode>3</vendorreturncode>
    </returncodemapping>
    <returncodemapping name="UNKNOWN_OPTION">
      <vendorreturncode>1</vendorreturncode>
    </returncodemapping>
    <returncodemapping name="ERROR">
      <vendorreturncode>9</vendorreturncode>
    </returncodemapping>
    <returncodemapping name="ERROR">
      <vendorreturncode>6</vendorreturncode>
    </returncodemapping>
    <returncodemapping name="ERROR">
      <vendorreturncode>4</vendorreturncode>
    </returncodemapping>
  </returncodes>
  <inventorymetadata>
    <extractdriversidentifier>
      <pnpids>
        <pnpdevice>
          <!--filename: \Bin\IntelPcc.inf-->
          <driverversion>1.0.0.1016</driverversion>
          <pnpidstring>
            <PNPID>INT</PNPID>
            <PnPProductID>340F</PnPProductID>
          </pnpidstring>
        </pnpdevice>
      </pnpids>
    </extractdriversidentifier>
    <fullpackageidentifier>
      <msis>
        <msi>
          <identifyingnumber>{0E7DAF70-FB54-4B91-B192-7E771C25AEEB}</identifyingnumber>
          <version>1.0.0.1016</version>
          <upgradecode>{0E7DAF70-FB54-4B91-B192-7E771C25AEEB}</upgradecode>
        </msi>
      </msis>
    </fullpackageidentifier>
  </inventorymetadata>
</MUPDefinition>
